asset1,asset2,beta,alpha,coint_pval,adf_pval
AA,ALI=F,2.747628404791537,-17.778749486591305,0.0071,0.0013777131739226437
