asset1,asset2,beta,alpha,coint_pval,adf_pval
AA,ALI=F,2.746092039436724,-17.767666408534826,0.0033,0.000586458480822269
