asset1,asset2,beta,alpha,coint_pval,adf_pval
AA,ALI=F,2.7460920440673346,-17.767666438181152,0.0033,0.0005864592110495832
